Handle	Block	Number	Name	ExpectedNumber	ExpectedName	Match	Warnings
D6F	目录1-标准化	D260020S-D0202	图纸目录			FAIL pairs=0	
D70	目录2-标准化	D260020S-D0202				FAIL pairs=0	
D75	目录3-标准化	D260020S-D0202				FAIL pairs=0	
D87	A3（297×420）	D260020S-D0202-02	远动通信柜柜面布置图	D260020S-D0202-02	远动通信柜柜面布置图	PASS	
1792	A4（297×210）	D260020S-D0202-01	分册说明	D260020S-D0202-01	分册说明	PASS	
179A	A2（420×594）	D260020S-D0202-05	远动通信柜端子排图	D260020S-D0202-05	远动通信柜端子排图	PASS	
17A1	A3（297×420）	D260020S-D0202-03	远动通信柜原理图1	D260020S-D0202-03	远动通信柜原理图1	PASS	
17A8	A3（297×420）	D260020S-D0202-04	远动通信柜原理图2	D260020S-D0202-04	远动通信柜原理图2	PASS	
3918	A3（297×420）	D260020S-D0202-06	公用及母线测控柜柜面布置图	D260020S-D0202-06	公用及母线测控柜柜面布置图	PASS	
392A	A2+0.5（420×891）	D260020S-D0202-13	公用及母线测控柜左侧端子排图	D260020S-D0202-13	公用及母线测控柜左侧端子排图	PASS	
3931	A2+0.5（420×891）	D260020S-D0202-14	公用及母线测控柜右侧端子排图	D260020S-D0202-14	公用及母线测控柜右侧端子排图	PASS	
3938	A2+0.5（420×891）	D260020S-D0202-11	公用及母线测控柜原理图5	D260020S-D0202-11	公用及母线测控柜原理图5	PASS	
3E3B	A2（420×594）	D260020S-D0202-10	公用及母线测控柜原理图4	D260020S-D0202-10	公用及母线测控柜原理图4	PASS	
3E42	A3+0.25（297×525）	D260020S-D0202-08	公用及母线测控柜原理图2	D260020S-D0202-08	公用及母线测控柜原理图2	PASS	
3E49	A3+0.5（297×630）	D260020S-D0202-07	公用及母线测控柜原理图1	D260020S-D0202-07	公用及母线测控柜原理图1	PASS	
3E50	A3（297×420）	D260020S-D0202-09	公用及母线测控柜原理图3	D260020S-D0202-09	公用及母线测控柜原理图3	PASS	
3E57	A3（297×420）	D260020S-D0202-12	公用及母线测控柜原理图6	D260020S-D0202-12	公用及母线测控柜原理图6	PASS	
4831	A3（297×420）	D260020S-D0202-15	同步时钟柜柜面布置图	D260020S-D0202-15	同步时钟柜柜面布置图	PASS	
4838	A3（297×420）	D260020S-D0202-16	同步时钟柜原理图1	D260020S-D0202-16	同步时钟柜原理图1	PASS	
486A	A2+0.5（420×891）	D260020S-D0202-18	同步时钟柜端子排图	D260020S-D0202-18	同步时钟柜端子排图	PASS	
6F1E	A3+0.25（297×525）	D260020S-D0202-17	同步时钟柜原理图2	D260020S-D0202-17	同步时钟柜原理图2	PASS	
7291	A3（297×420）	D260020S-D0202-19	小电流接地选线柜柜面布置图	D260020S-D0202-19	小电流接地选线柜柜面布置图	PASS	
72A4	A3（297×420）	D260020S-D0202-20	小电流接地选线柜原理图1	D260020S-D0202-20	小电流接地选线柜原理图1	PASS	
72AB	A3+0.25（297×525）	D260020S-D0202-22	小电流接地选线柜原理图3	D260020S-D0202-22	小电流接地选线柜原理图3	PASS	
72B2	A3+0.5（297×630）	D260020S-D0202-21	小电流接地选线柜原理图2	D260020S-D0202-21	小电流接地选线柜原理图2	PASS	
72B8	A3+1（297×840）	D260020S-D0202-24	小电流接地选线柜原理图5	D260020S-D0202-24	小电流接地选线柜原理图5	PASS	
72C0	A3+0.25（297×525）	D260020S-D0202-23	小电流接地选线柜原理图4	D260020S-D0202-23	小电流接地选线柜原理图4	PASS	
74BA	A3+0.25（297×525）	D260020S-D0202-25	小电流接地选线柜原理图6	D260020S-D0202-25	小电流接地选线柜原理图6	PASS	
74C3	A2+0.5（420×891）	D260020S-D0202-26	小电流接地选线柜左侧端子排图	D260020S-D0202-26	小电流接地选线柜左侧端子排图	PASS	
74CA	A2+0.5（420×891）	D260020S-D0202-27	小电流接地选线柜右侧端子排图	D260020S-D0202-27	小电流接地选线柜右侧端子排图	PASS	
95F8	A3（297×420）	D260020S-D0202-28	压板在线监测柜柜面布置图	D260020S-D0202-28	压板在线监测柜柜面布置图	PASS	
9608	A2+0.5（420×891）	D260020S-D0202-32	压板在线监测柜左侧端子排图	D260020S-D0202-32	压板在线监测柜左侧端子排图	PASS	
9610	A2（420×594）	D260020S-D0202-33	压板在线监测柜右侧端子排图	D260020S-D0202-33	压板在线监测柜右侧端子排图	PASS	
9617	A3+0.25（297×525）	D260020S-D0202-29	压板在线监测柜原理图1	D260020S-D0202-29	压板在线监测柜原理图1	PASS	
961D	A2+0.5（420×1188）	D260020S-D0202-30	压板在线监测柜原理图2	D260020S-D0202-30	压板在线监测柜原理图2	PASS	
9625	A2+0.5（420×891）	D260020S-D0202-31	压板在线监测柜原理图3	D260020S-D0202-31	压板在线监测柜原理图3	PASS	
9DC2	A3（297×420）	D260020S-D0202-34	电能质量监测柜柜面布置图	D260020S-D0202-34	电能质量监测柜柜面布置图	PASS	
9DC9	A3（297×420）	D260020S-D0202-35	电能质量监测柜原理图1	D260020S-D0202-35	电能质量监测柜原理图1	PASS	
9DD0	A3（297×420）	D260020S-D0202-36	电能质量监测柜原理图2	D260020S-D0202-36	电能质量监测柜原理图2	PASS	
9DD7	A2（420×594）	D260020S-D0202-38	电能质量监测柜右侧端子排图	D260020S-D0202-38	电能质量监测柜右侧端子排图	PASS	
B2B5	A3（297×420）	D260020S-D0202-39	电度表柜柜面布置图	D260020S-D0202-39	电度表柜柜面布置图	PASS	
B2C2	A3（297×420）	D260020S-D0202-40	电度表柜原理图1	D260020S-D0202-40	电度表柜原理图1	PASS	
B2DC	A3（297×420）	D260020S-D0202-41	电度表柜原理图2	D260020S-D0202-41	电度表柜原理图2	PASS	
B2E3	A2（420×594）	D260020S-D0202-45	电度表柜右侧端子排图	D260020S-D0202-45	电度表柜右侧端子排图	PASS	
B2E9	A3+1（297×840）	D260020S-D0202-42	电度表柜原理图3	D260020S-D0202-42	电度表柜原理图3	PASS	
B2F0	A3+1（297×840）	D260020S-D0202-43	电度表柜原理图4	D260020S-D0202-43	电度表柜原理图4	PASS	
B7B8	A3（297×420）	D260020S-D0202-48	二次设备在线监测柜端子排图	D260020S-D0202-48	二次设备在线监测柜端子排图	PASS	
B7BF	A3（297×420）	D260020S-D0202-46	二次设备在线监测柜柜面布置图	D260020S-D0202-46	二次设备在线监测柜柜面布置图	PASS	
B7C6	A3（297×420）	D260020S-D0202-47	二次设备在线监测柜原理图	D260020S-D0202-47	二次设备在线监测柜原理图	PASS	
DA43	A3（297×420）	D260020S-D0202-49	故障录波柜柜面布置图	D260020S-D0202-49	故障录波柜柜面布置图	PASS	
DA51	A3+0.25（297×525）	D260020S-D0202-56	故障录波柜右侧端子排图	D260020S-D0202-56	故障录波柜右侧端子排图	PASS	
DA57	A2+0.5（420×1188）	D260020S-D0202-55	故障录波柜左侧端子排图	D260020S-D0202-55	故障录波柜左侧端子排图	PASS	
DA7F	A3（297×420）	D260020S-D0202-50	故障录波柜原理图1	D260020S-D0202-50	故障录波柜原理图1	PASS	
DA85	A3+1（297×840）	D260020S-D0202-52	故障录波柜原理图3	D260020S-D0202-52	故障录波柜原理图3	PASS	
DA8F	A3（297×420）	D260020S-D0202-51	故障录波柜原理图2	D260020S-D0202-51	故障录波柜原理图2	PASS	
DA95	A3+1（297×840）	D260020S-D0202-53	故障录波柜原理图4	D260020S-D0202-53	故障录波柜原理图4	PASS	
DA9C	A3+1（297×840）	D260020S-D0202-54	故障录波柜原理图5	D260020S-D0202-54	故障录波柜原理图5	PASS	
E2FD	A2+0.5（420×891）	D260020S-D0202-44	电度表柜左侧端子排图	D260020S-D0202-44	电度表柜左侧端子排图	PASS	
E9B9	A2+0.5（420×891）	D260020S-D0202-37	电能质量监测柜左侧端子排图	D260020S-D0202-37	电能质量监测柜左侧端子排图	PASS	
F283	A3（297×420）	D260020S-D0202-57	二次屏柜交流电源环网图	D260020S-D0202-57	二次屏柜交流电源环网图	PASS	
ElapsedSeconds	4.944
